NodeIndex,x,y,velocity
0,0.0,0.0,4.5
1,0.035087719,0.0,0.0
2,0.070175439,0.0,0.0
3,0.0,0.007386141,9.0
4,0.105263158,0.0,0.0
5,0.140350877,0.0,0.0
6,0.175438596,0.0,0.0
7,0.035087719,0.007471007,8.940956161
8,0.070175439,0.007575544,8.599147053
9,0.0,0.01624951,9.0
10,0.0,1.0,4.5
11,0.035087719,1.0,0.0
12,0.210526316,0.0,0.0
13,0.105263158,0.007665717,8.344394452
14,0.140350877,0.007733466,8.216408691
15,0.175438596,0.007801216,8.185023398
16,0.03507048,0.016436216,9.164354847
17,0.070153879,0.016666197,9.46962177
18,0.021479211,0.027651593,9.04043785
19,0.0,0.034645759,9.0
20,0.070175439,1.0,0.0
21,0.0,0.99340242,9.0
22,0.035087719,0.99340242,8.883575369
23,0.245614035,0.0,0.0
24,0.210526316,0.007813109,8.164224323
25,0.280701754,0.0,0.0
26,0.315789474,0.0,0.0
27,0.105243619,0.016864577,9.477325285
28,0.140334832,0.017013626,9.423049966
29,0.175428805,0.017162675,9.390354388
30,0.050178329,0.030385715,9.217418856
31,0.076132395,0.029654663,9.350874367
32,0.029721875,0.045681862,9.040160133
33,0.0,0.061955203,9.0
34,0.105263158,1.0,0.0
35,0.140350877,1.0,0.0
36,0.070175439,0.993182894,8.619226148
37,0.0,0.985485323,9.0
38,0.035063921,0.985485323,9.180577858
39,0.350877193,0.0,0.0
40,0.245614035,0.007801766,8.148958972
41,0.210523779,0.017188839,9.370551683
42,0.280701754,0.00780185,8.14833359
43,0.315789474,0.007821189,8.159377726
44,0.179822373,0.029130776,9.331749702
45,0.110281724,0.028457957,9.370548073
46,0.143701646,0.028948687,9.345185788
47,0.108281134,0.04126499,9.278036045
48,0.069612146,0.049792577,9.154945121
49,0.037196569,0.073494302,9.033069566
50,0.0,0.089264647,9.0
51,0.105263158,0.992920511,8.445731524
52,0.175438596,1.0,0.0
53,0.140350877,0.992659131,8.396798222
54,0.07012749,0.985002367,9.446950074
55,0.029434213,0.977712325,9.06054363
56,0.0,0.971133888,9.0
57,0.065430173,0.974051128,9.271968569
58,0.210526316,1.0,0.0
59,0.385964912,0.0,0.0
60,0.421052632,0.0,0.0
61,0.456140351,0.0,0.0
62,0.350877193,0.007838317,8.166240345
63,0.245613633,0.017163884,9.353015124
64,0.221501646,0.030298377,9.31704092
65,0.280699583,0.017164069,9.340288272
66,0.31578608,0.017206616,9.33168215
67,0.20692302,0.046498244,9.218841163
68,0.173424757,0.044040372,9.241241603
69,0.13751935,0.044295719,9.250494198
70,0.193042265,0.062652715,9.167698799
71,0.0,0.13379748,9.0
72,0.114633292,0.063771115,9.156793228
73,0.080994362,0.08512258,9.073978758
74,0.042570332,0.114795175,9.01399691
75,0.0,0.206426715,9.0
76,0.0,0.291977887,9.0
77,0.105205623,0.984425124,9.433981583
78,0.175438596,0.992426908,8.423555514
79,0.140293138,0.983850088,9.398672679
80,0.0,0.948844476,9.0
81,0.094354888,0.97326928,9.334453995
82,0.040329778,0.958332646,9.080052537
83,0.073718594,0.962244653,9.218467681
84,0.245614035,1.0,0.0
85,0.210526316,0.992235755,8.464236729
86,0.280701754,1.0,0.0
87,0.0,0.367144382,9.0
88,0.0,0.433572191,9.0
89,0.385964912,0.007838392,8.164805375
90,0.49122807,0.0,0.0
91,0.526315789,0.0,0.0
92,0.421052632,0.007830779,8.165582851
93,0.456140351,0.007834609,8.177953371
94,0.350875192,0.017244297,9.326993922
95,0.25018973,0.030145413,9.314886453
96,0.240561719,0.048238493,9.20517827
97,0.284713725,0.029834094,9.313048727
98,0.320709796,0.029632908,9.312607858
99,0.225348987,0.072212114,9.139522994
100,0.161766771,0.073142854,9.134828476
101,0.197250661,0.085358039,9.112680326
102,0.221156802,0.099992141,9.085683417
103,0.047098563,0.171978893,9.005551188
104,0.129066195,0.103912035,9.072294028
105,0.090132497,0.135113146,9.028719043
106,0.049895162,0.257290309,9.00148353
107,0.051832092,0.333268136,9.000456631
108,0.135664682,0.975379617,9.342766333
109,0.175386758,0.983339198,9.372499822
110,0.172683897,0.97174758,9.301342853
111,0.0,0.91413456,9.0
112,0.040729307,0.92650514,9.034148258
113,0.10493658,0.958719867,9.2279217
114,0.076169963,0.943283,9.12839452
115,0.0,0.857225219,9.0
116,0.0,0.5,9.0
117,0.0,0.566427809,9.0
118,0.0,0.632855618,9.0
119,0.0,0.70705089,9.0
120,0.0,0.790303977,9.0
121,0.315789474,1.0,0.0
122,0.350877193,1.0,0.0
123,0.245614035,0.992090937,8.492745835
124,0.210483976,0.98291866,9.357662953
125,0.280701754,0.991998038,8.502445539
126,0.561403509,0.0,0.0
127,0.052744822,0.399538414,9.000312612
128,0.053046406,0.466140099,9.000231659
129,0.385964719,0.017244463,9.3218017
130,0.49122807,0.007860452,8.20392279
131,0.526315789,0.007905425,8.237790386
132,0.421051801,0.017227713,9.313928091
133,0.456136096,0.01723614,9.304720981
134,0.356587568,0.02903797,9.31427335
135,0.277264203,0.047226425,9.203639804
136,0.260305559,0.067396408,9.147269182
137,0.314537516,0.045895239,9.204553853
138,0.350063614,0.046088956,9.20045851
139,0.257898745,0.097761427,9.088405949
140,0.184938481,0.118790371,9.063070934
141,0.234175727,0.136443928,9.05456055
142,0.097515918,0.206508928,9.010210873
143,0.142788031,0.165844059,9.029022792
144,0.101300046,0.291819748,9.003188929
145,0.105138201,0.364826478,9.001626868
146,0.13928975,0.959541444,9.233715485
147,0.207936669,0.971156233,9.292713352
148,0.176953074,0.95802256,9.220010811
149,0.04391489,0.884871024,9.014163184
150,0.085415135,0.905361255,9.058545059
151,0.117521879,0.932446952,9.129550696
152,0.047761266,0.820790362,9.004651576
153,0.053149629,0.533069295,9.000241814
154,0.052941065,0.59977521,9.000335394
155,0.0525348,0.666332293,9.000541744
156,0.051700054,0.739150729,9.001375009
157,0.385964912,1.0,0.0
158,0.421052632,1.0,0.0
159,0.315789474,0.991963129,8.499223171
160,0.350877193,0.991986475,8.482004016
161,0.245583604,0.982600062,9.348515235
162,0.241710349,0.969939168,9.27962876
163,0.280684952,0.982395684,9.341906575
164,0.456140351,1.0,0.0
165,0.596491228,0.0,0.0
166,0.561403509,0.00795989,8.27058706
167,0.106276255,0.432009138,9.001132911
168,0.106516673,0.499359781,9.000983899
169,0.390997695,0.029966088,9.309352858
170,0.491219432,0.017292995,9.296703728
171,0.526303802,0.017391934,9.291265047
172,0.425758369,0.030078377,9.306512631
173,0.46117654,0.029808488,9.303082034
174,0.386062905,0.045881997,9.199927879
175,0.296605396,0.07740609,9.121303606
176,0.333314149,0.068173633,9.139672527
177,0.365942929,0.074297693,9.125527254
178,0.272756792,0.135097769,9.055864525
179,0.295571734,0.111031934,9.072904127
180,0.266069389,0.180107719,9.033918807
181,0.207813119,0.19357823,9.026325645
182,0.15246426,0.250233314,9.010343035
183,0.1576159,0.328620313,9.004647351
184,0.15974022,0.396792917,9.002814769
185,0.160162992,0.931012178,9.133892332
186,0.215860363,0.955861817,9.203612393
187,0.195175415,0.936768578,9.150538461
188,0.093543992,0.852501322,9.022309934
189,0.140226337,0.887133488,9.062963649
190,0.099216327,0.77496063,9.008133073
191,0.106198454,0.566546956,9.001181926
192,0.105433798,0.633384375,9.001747242
193,0.104020013,0.699607251,9.002982614
194,0.385964912,0.992045538,8.455884552
195,0.421052632,0.992101518,8.433618576
196,0.315786565,0.982318883,9.332858582
197,0.350885206,0.982370244,9.320390325
198,0.277599356,0.969215718,9.276179819
199,0.254618021,0.949803305,9.182116843
200,0.313362888,0.969553536,9.278280703
201,0.456140351,0.992146697,8.418038457
202,0.49122807,1.0,0.0
203,0.631578947,0.0,0.0
204,0.596491228,0.008013964,8.29741175
205,0.666666667,0.0,0.0
206,0.561390143,0.017511759,9.286778207
207,0.160230213,0.465085063,9.00218935
208,0.159854775,0.532955104,9.002220083
209,0.421765727,0.04619433,9.197733755
210,0.496196797,0.029584258,9.299263099
211,0.529885288,0.029866449,9.293621747
212,0.45689344,0.045493352,9.200351013
213,0.490300567,0.044369333,9.203968585
214,0.404275911,0.072820202,9.127447296
215,0.337011957,0.105635497,9.07718632
216,0.384595129,0.108463804,9.07347282
217,0.312989051,0.15638487,9.043201071
218,0.302765025,0.212749829,9.025911479
219,0.266398595,0.242538177,9.018538557
220,0.219718094,0.27670597,9.011178618
221,0.214302436,0.359919899,9.005495301
222,0.21476806,0.430212449,9.003924298
223,0.19144197,0.905887565,9.094088303
224,0.233056101,0.921638273,9.117268672
225,0.144838927,0.826665012,9.023842941
226,0.188659468,0.85606013,9.04555446
227,0.150879548,0.737674472,9.009057296
228,0.158925093,0.600422695,9.002928308
229,0.15741064,0.667427732,9.00448059
230,0.385977729,0.982500184,9.30782734
231,0.421065373,0.98262334,9.29726586
232,0.347970509,0.969046132,9.275253251
233,0.382333548,0.969246285,9.27419914
234,0.289276164,0.951859205,9.185188347
235,0.270553845,0.929463399,9.131191331
236,0.321452874,0.952741325,9.185486674
237,0.456151861,0.982722732,9.288143704
238,0.49122807,0.992196573,8.400541465
239,0.526315789,1.0,0.0
240,0.561403509,1.0,0.0
241,0.631578947,0.00806136,8.32164647
242,0.596478295,0.01763072,9.287283475
243,0.701754386,0.0,0.0
244,0.666666667,0.008101791,8.337213498
245,0.566413859,0.028208503,9.29666166
246,0.214123501,0.499098868,9.003487054
247,0.21283089,0.567022114,9.003996749
248,0.441229065,0.071537503,9.129166159
249,0.556801392,0.045796503,9.195919119
250,0.523973049,0.044150424,9.203260364
251,0.475930243,0.068096071,9.135588528
252,0.504799373,0.063152479,9.145389595
253,0.425283342,0.107492316,9.074240754
254,0.366166372,0.159760939,9.041715405
255,0.40751095,0.153206105,9.044474146
256,0.350354357,0.220167671,9.024921
257,0.318246228,0.269898905,9.016240108
258,0.279301888,0.320835897,9.009688449
259,0.270151835,0.394962561,9.006083539
260,0.269098613,0.46537661,9.005006113
261,0.736842105,0.0,0.0
262,0.232329172,0.876594712,9.065018958
263,0.271704147,0.895083591,9.083509927
264,0.197682092,0.782697673,9.019547036
265,0.23154567,0.821222833,9.034452636
266,0.206927162,0.701573933,9.0094014
267,0.211468151,0.634994989,9.005511034
268,0.417732246,0.96955296,9.274245725
269,0.45248504,0.970526912,9.274929273
270,0.359794769,0.950037846,9.173083903
271,0.390270064,0.953032144,9.179355233
272,0.307240598,0.920279167,9.114010124
273,0.341626749,0.930540416,9.130829313
274,0.486405287,0.970125022,9.270181736
275,0.491236535,0.98283246,9.279289681
276,0.526315789,0.992227132,8.38854209
277,0.596491228,1.0,0.0
278,0.561403509,0.9922115,8.397880591
279,0.631578947,1.0,0.0
280,0.631567455,0.017734993,9.284190642
281,0.599304946,0.030633353,9.286470901
282,0.701754386,0.008136,8.347553533
283,0.666657024,0.017823941,9.283990741
284,0.589272556,0.047857509,9.184833698
285,0.267263797,0.533555735,9.005067657
286,0.265196188,0.601022353,9.006183415
287,0.572024561,0.066423449,9.133948814
288,0.463288986,0.103052248,9.079349106
289,0.53628989,0.073199188,9.119788897
290,0.499299876,0.094504448,9.090262301
291,0.450847688,0.148030363,9.047005139
292,0.399466348,0.215608468,9.026556092
293,0.435391949,0.197311427,9.031354151
294,0.33924081,0.314431185,9.011799488
295,0.379288974,0.276641354,9.016334842
296,0.328765767,0.368239227,9.008569205
297,0.324888031,0.433128194,9.00666257
298,0.322031798,0.500712643,9.006200616
299,0.771929825,0.0,0.0
300,0.736842105,0.008160008,8.35244916
301,0.807017544,0.0,0.0
302,0.276033978,0.841374797,9.044782949
303,0.311011189,0.881151197,9.071198138
304,0.26200229,0.75409173,9.01837342
305,0.26381757,0.67016355,9.0092196
306,0.424542313,0.953425528,9.177826793
307,0.457071141,0.956003162,9.18463321
308,0.410401955,0.932859217,9.128041847
309,0.377675129,0.921233119,9.110408926
310,0.345349452,0.899110089,9.087425376
311,0.494520963,0.953031253,9.171250303
312,0.51471129,0.96910016,9.26353925
313,0.52631737,0.98289969,9.271867512
314,0.596491228,0.992165855,8.418975098
315,0.561397598,0.9828653,9.267058815
316,0.666666667,1.0,0.0
317,0.631578947,0.992120534,8.434916751
318,0.701754386,1.0,0.0
319,0.634944343,0.03059523,9.285952624
320,0.626095929,0.046105545,9.189579589
321,0.701747283,0.0178992,9.284087432
322,0.669465208,0.03078678,9.284459089
323,0.605478864,0.075191595,9.115356477
324,0.319579397,0.567709012,9.006837335
325,0.316096924,0.632623252,9.008663271
326,0.567578278,0.099903545,9.085359911
327,0.488262502,0.142446658,9.050365916
328,0.527195522,0.12020714,9.065031772
329,0.473738312,0.197260118,9.031720681
330,0.440212753,0.252688601,9.020214085
331,0.382381633,0.338530307,9.010961426
332,0.423353279,0.30743972,9.013847415
333,0.381596146,0.401065076,9.0085627
334,0.377604368,0.468416532,9.007378163
335,0.373590554,0.535754255,9.007503576
336,0.842105263,0.0,0.0
337,0.771929825,0.008163937,8.351154537
338,0.736838956,0.017952017,9.285195093
339,0.807017544,0.008142621,8.341728938
340,0.877192982,0.0,0.0
341,0.322205286,0.824429649,9.039790496
342,0.30770687,0.77836477,9.025558837
343,0.352668628,0.84619543,9.049781728
344,0.324273391,0.706388095,9.014593962
345,0.477720851,0.934922566,9.130164017
346,0.445076688,0.92619346,9.113852576
347,0.416450653,0.898376644,9.085351252
348,0.385740715,0.871829896,9.06527849
349,0.50873509,0.928891389,9.119247785
350,0.52974138,0.950896921,9.163976174
351,0.556185871,0.969743363,9.26349648
352,0.596481924,0.982764882,9.265429839
353,0.591274593,0.97061785,9.264782336
354,0.666666667,0.992097619,8.438167864
355,0.63157142,0.982665175,9.265627232
356,0.736842105,1.0,0.0
357,0.701754386,0.992100997,8.434314967
358,0.771929825,1.0,0.0
359,0.661464338,0.046447538,9.185128791
360,0.641099295,0.06726333,9.131278724
361,0.704069143,0.030754561,9.28448456
362,0.696833392,0.046426978,9.183038221
363,0.636771119,0.101390648,9.085897032
364,0.597835174,0.121885862,9.066607718
365,0.371220144,0.600713638,9.008766631
366,0.36850052,0.655514537,9.011365556
367,0.554752946,0.151761371,9.047369151
368,0.516890139,0.177129749,9.037317865
369,0.500511175,0.246073218,9.021600779
370,0.475704751,0.306768339,9.014448302
371,0.44204482,0.363365278,9.01063599
372,0.43478566,0.435634478,9.008716861
373,0.42873043,0.504240515,9.008214684
374,0.422372623,0.572769754,9.008902499
375,0.842105263,0.008106274,8.327284937
376,0.771931801,0.01796066,9.284001887
377,0.739727794,0.031189326,9.282015259
378,0.807023834,0.017913765,9.281643476
379,0.912280702,0.0,0.0
380,0.877192982,0.008072776,8.314743605
381,0.947368421,0.0,0.0
382,0.360046952,0.779602803,9.026881462
383,0.391658173,0.821048948,9.040367603
384,0.393133659,0.705790205,9.015921055
385,0.485004415,0.904499283,9.08989939
386,0.456980084,0.878315186,9.068399474
387,0.425512558,0.842710862,9.048656627
388,0.5225664,0.899738097,9.084569012
389,0.543232365,0.928092579,9.117207576
390,0.562243774,0.953141719,9.171729701
391,0.626655959,0.969916788,9.262354003
392,0.598462704,0.954394728,9.175465117
393,0.807017544,1.0,0.0
394,0.666663817,0.982614761,9.266220659
395,0.662132643,0.969810234,9.261945439
396,0.736842105,0.992118323,8.42643106
397,0.701755642,0.982622194,9.264596697
398,0.771929825,0.992129958,8.422123094
399,0.676037885,0.074662159,9.117396109
400,0.731786145,0.04757433,9.176629229
401,0.71147094,0.067470496,9.130356548
402,0.668913493,0.120412646,9.0696536
403,0.631262005,0.148928296,9.051558629
404,0.594526552,0.172360519,9.040844818
405,0.422861858,0.641174636,9.011372188
406,0.561139902,0.225041637,9.025479756
407,0.534659011,0.294206195,9.015972714
408,0.507836764,0.351829086,9.011869726
409,0.472480222,0.599737379,9.01037094
410,0.492832474,0.410283631,9.009947962
411,0.48593493,0.475185321,9.009075843
412,0.478092442,0.53769722,9.009148379
413,0.842112869,0.017833802,9.277144273
414,0.775501771,0.030959868,9.280905188
415,0.767297835,0.046720325,9.178899159
416,0.810012624,0.03102498,9.276934102
417,0.912280702,0.008057904,8.311416022
418,0.877198374,0.017760108,9.273438197
419,0.98245614,0.0,0.0
420,0.947368421,0.008066154,8.320560464
421,0.426462073,0.772697684,9.026623636
422,0.451454709,0.700347616,9.01602471
423,0.49894738,0.858934998,9.056390329
424,0.471886102,0.819171838,9.039393611
425,0.538960077,0.859940279,9.056538923
426,0.56444301,0.893518462,9.0784858
427,0.579639947,0.927073416,9.115920801
428,0.635976928,0.95286201,9.169768727
429,0.614883784,0.930426879,9.121274732
430,0.842105263,1.0,0.0
431,0.807017544,0.992125171,8.425771324
432,0.69822407,0.969964569,9.262488065
433,0.669140099,0.954004672,9.172408244
434,0.73684448,0.982660311,9.262066711
435,0.733957815,0.970018356,9.260686877
436,0.771930426,0.982685907,9.259805394
437,0.706603932,0.100896605,9.088454858
438,0.7460578,0.075167422,9.116274481
439,0.69915442,0.146120175,9.054986602
440,0.664562289,0.169686598,9.043979707
441,0.628763935,0.214269918,9.027805916
442,0.480826082,0.65349495,9.012804333
443,0.510449056,0.621043051,9.011597616
444,0.595621511,0.285205672,9.017270989
445,0.568875815,0.33878015,9.013022476
446,0.548752632,0.390208585,9.010956792
447,0.520221822,0.574896509,9.0102475
448,0.541039983,0.447899856,9.009878543
449,0.540128589,0.515356225,9.009678696
450,1.01754386,0.0,0.0
451,0.844636145,0.03091405,9.27420109
452,0.802679059,0.046846832,9.176823434
453,0.782123844,0.068012066,9.128203696
454,0.835732897,0.048508287,9.170104451
455,0.912281758,0.017727389,9.270284933
456,0.880410642,0.030966609,9.270022988
457,0.98245614,0.008088206,8.334619593
458,0.947365506,0.017745539,9.267444181
459,0.877192982,1.0,0.0
460,0.490204125,0.747057113,9.022632924
461,0.497431024,0.695443023,9.015993322
462,0.53102671,0.804135082,9.035459986
463,0.577816885,0.843374753,9.047976336
464,0.609681884,0.893609495,9.079438855
465,0.650657455,0.924194748,9.110495284
466,0.842105263,0.992108186,8.433358476
467,0.80701579,0.982675376,9.258245085
468,0.705402664,0.954566317,9.171832674
469,0.687601158,0.932240172,9.123177377
470,0.768341009,0.970477668,9.260059028
471,0.740014192,0.954590787,9.170161131
472,0.802516771,0.970317399,9.257232804
473,0.737989052,0.121546732,9.071204257
474,0.776325429,0.101903295,9.088310353
475,0.729446126,0.169450285,9.045272685
476,0.692965628,0.211052156,9.028957274
477,0.658396491,0.279880258,9.018224545
478,0.530551305,0.663672262,9.013764919
479,0.551194211,0.616272111,9.011771852
480,0.584349366,0.423433411,9.010588734
481,0.629742435,0.331149041,9.013886042
482,0.60490676,0.381318751,9.011638381
483,0.568529556,0.56998765,9.010577842
484,0.594364347,0.47333848,9.010194357
485,0.592537865,0.529570792,9.010236764
486,0.641872553,0.47330358,9.010531124
487,1.052631579,0.0,0.0
488,1.01754386,0.008111005,8.344406333
489,0.86833771,0.050029299,9.163114407
490,0.81748781,0.076140066,9.114107042
491,0.851947867,0.070449889,9.123347853
492,0.916045308,0.030226743,9.268947328
493,0.90505119,0.047531934,9.170822661
494,0.982451542,0.017794052,9.265445918
495,0.950290807,0.030790405,9.263758655
496,1.087719298,0.0,0.0
497,0.877192982,0.992095034,8.437890904
498,0.912280702,1.0,0.0
499,0.54687201,0.720874544,9.018604868
500,0.591394056,0.766860955,9.027335236
501,0.628207108,0.83657296,9.045620363
502,0.652533859,0.880375155,9.071233067
503,0.688280815,0.896633747,9.083906653
504,0.842103412,0.982638008,9.257499527
505,0.837595332,0.970290902,9.255666526
506,0.724413077,0.923839288,9.109405341
507,0.775443879,0.955775688,9.172051998
508,0.759266465,0.933536756,9.123927877
509,0.809564033,0.955107825,9.16880025
510,0.766232066,0.151970692,9.053504092
511,0.80799004,0.1254919,9.069467047
512,0.748264583,0.210236611,9.030010464
513,0.723141936,0.284527498,9.017949093
514,0.682118633,0.326046443,9.014611642
515,0.582871063,0.667568476,9.01432676
516,0.603156149,0.615446854,9.012103409
517,0.637988,0.428862066,9.010887202
518,0.668574069,0.375463068,9.012226073
519,0.62198447,0.569038667,9.010935434
520,0.669889969,0.458820293,9.010808114
521,0.638102317,0.517705439,9.010508521
522,0.66907745,0.48891265,9.010678689
523,1.052631579,0.008121608,8.347962012
524,1.017540447,0.01784421,9.265284921
525,0.8862202,0.080239586,9.109253746
526,0.850034819,0.1024435,9.087947375
527,0.938687728,0.048767568,9.167115288
528,0.922207959,0.068970973,9.125985071
529,0.984642647,0.03018767,9.26372614
530,0.976185541,0.045152814,9.178493036
531,1.122807018,0.0,0.0
532,1.087719298,0.008112577,8.344534987
533,1.157894737,0.0,0.0
534,1.192982456,0.0,0.0
535,0.877195283,0.982609076,9.255465599
536,0.912280702,0.992117241,8.428613857
537,0.947368421,1.0,0.0
538,0.6129513,0.716532346,9.01844925
539,0.64931151,0.772453245,9.028651555
540,0.68569453,0.838154187,9.047176379
541,0.728026943,0.873640223,9.06725868
542,0.872698931,0.969969071,9.25143691
543,0.842842741,0.955355718,9.169570387
544,0.762032169,0.898422454,9.085526438
545,0.79516629,0.926576022,9.11272786
546,0.82765306,0.936222055,9.127792747
547,0.797574186,0.185961362,9.037974309
548,0.84244222,0.156444031,9.050995216
549,0.780227556,0.258457672,9.021754104
550,0.769439793,0.31197713,9.015956328
551,0.730512348,0.35428467,9.013215205
552,0.637480952,0.664258043,9.014419937
553,0.658244437,0.614422004,9.012341144
554,0.702137324,0.417257449,9.011418961
555,0.673583703,0.565919669,9.011183066
556,0.70656685,0.474007134,9.010895085
557,0.68895556,0.520726804,9.010819457
558,1.052631574,0.017867539,9.264730834
559,1.020283979,0.030833852,9.261564197
560,0.921277264,0.101820086,9.088464372
561,0.883647783,0.123169753,9.071355783
562,0.877257581,0.173123636,9.044857794
563,0.95746127,0.073634731,9.118511921
564,1.010065785,0.04804277,9.166886415
565,0.992488954,0.066754484,9.130182577
566,1.228070175,0.0,0.0
567,1.122807018,0.008089862,8.336281973
568,1.087723217,0.01784767,9.26328213
569,1.157894737,0.008059339,8.324800689
570,1.192982456,0.008009067,8.306509082
571,1.263157895,0.0,0.0
572,1.298245614,0.0,0.0
573,0.907135931,0.969353614,9.245796669
574,0.912289307,0.982657931,9.249617396
575,0.947368421,0.99217928,8.402295793
576,0.98245614,1.0,0.0
577,0.673866818,0.712852121,9.01834431
578,0.706081058,0.766161362,9.027329053
579,0.733859222,0.821810899,9.04228309
580,0.773792187,0.843461161,9.050858696
581,0.876725699,0.954184083,9.166465985
582,0.857879752,0.930844577,9.119338563
583,0.802858586,0.878877202,9.070302685
584,0.832623228,0.904326706,9.090943681
585,0.838148912,0.228474036,9.026957745
586,0.818803202,0.302264446,9.016802049
587,0.793739532,0.3541003,9.013458144
588,0.771010545,0.400788408,9.012046675
589,0.695904708,0.660790912,9.014476068
590,0.715719009,0.609640689,9.012410863
591,0.759764837,0.456186729,9.011230974
592,0.733962026,0.56007323,9.011369264
593,0.749450031,0.510392689,9.011050773
594,1.05604547,0.03092308,9.260672627
595,1.047362814,0.046924876,9.169868478
596,0.954518734,0.112103554,9.080802878
597,0.923607635,0.152801921,9.053562528
598,0.900699114,0.219071759,9.029543051
599,0.989693476,0.100239793,9.091320537
600,1.026375274,0.075688433,9.116658315
601,1.228070175,0.007936804,8.279340669
602,1.122814283,0.017797695,9.259889985
603,1.090718984,0.030962288,9.258297012
604,1.157905646,0.017730546,9.256003684
605,1.192997189,0.017619948,9.250139534
606,1.263157895,0.007870435,8.253408939
607,1.333333333,0.0,0.0
608,1.298245614,0.007840749,8.244403506
609,1.368421053,0.0,0.0
610,1.01754386,1.0,0.0
611,0.914927679,0.950387345,9.156078258
612,0.935175564,0.968494938,9.24197801
613,0.947378339,0.982794415,9.242782564
614,0.98245614,0.992226616,8.381443324
615,1.01754386,0.992211227,8.390554797
616,0.734561549,0.708987441,9.018290869
617,0.771574539,0.771030697,9.028620077
618,0.81731862,0.820363014,9.042511575
619,0.893464511,0.928032753,9.115791808
620,0.873948972,0.893654996,9.081730416
621,0.84791621,0.857973106,9.058314439
622,0.875930734,0.28484139,9.018934529
623,0.815676925,0.443584733,9.011546186
624,0.853271773,0.340745863,9.014221013
625,0.832256556,0.392731255,9.012413912
626,0.755522525,0.65458597,9.014324836
627,0.777090724,0.602051903,9.01236952
628,0.808471854,0.499654163,9.011252912
629,0.798973129,0.551707628,9.011504953
630,1.082886492,0.046788311,9.169489785
631,1.06264422,0.067543448,9.128960391
632,0.933344113,0.271580965,9.020886534
633,0.973812603,0.146880557,9.057006904
634,0.955905709,0.203608608,9.034389959
635,1.018580443,0.122800807,9.072330228
636,1.058347603,0.101279792,9.090614092
637,1.228085614,0.01746097,9.244102036
638,1.125580818,0.030990592,9.25632634
639,1.116533383,0.048493538,9.163596198
640,1.161594567,0.031397412,9.252903515
641,1.197665174,0.030814239,9.251013854
642,1.263168466,0.017314956,9.238778829
643,1.403508772,0.0,0.0
644,1.438596491,0.0,0.0
645,1.333333333,0.007856579,8.259835359
646,1.298247452,0.017249647,9.234443502
647,1.368421053,0.007905028,8.287715197
648,1.052631579,1.0,0.0
649,0.928509663,0.929897578,9.117255904
650,0.949843283,0.951090001,9.158872431
651,0.977469017,0.969691887,9.241200103
652,0.982458723,0.982898556,9.236651581
653,1.017535995,0.982864699,9.232894695
654,1.052631579,0.992144422,8.420084112
655,0.793168432,0.70104561,9.017654655
656,0.83253277,0.747447115,9.02411411
657,0.866210867,0.798053068,9.036195202
658,0.911877152,0.89162724,9.080348897
659,0.894911432,0.846364975,9.052695368
660,0.851960608,0.477247328,9.011441978
661,0.910963041,0.326778318,9.015223891
662,0.870283621,0.435066685,9.0117992
663,0.889552601,0.382095263,9.012802552
664,0.967451513,0.311972585,9.016411014
665,0.816595488,0.644999391,9.013987824
666,0.839258318,0.590438845,9.012232624
667,0.862401384,0.528978358,9.011473671
668,1.097265788,0.076064667,9.115982417
669,0.98599151,0.251442135,9.024384155
670,1.002802346,0.178394611,9.042588219
671,1.047066505,0.152827028,9.054207256
672,1.089979056,0.123062381,9.072708042
673,1.232675651,0.030041686,9.248444126
674,1.149987708,0.050420402,9.156364907
675,1.133606868,0.070849371,9.123352418
676,1.186045432,0.050706514,9.156164142
677,1.224443298,0.047928463,9.164962924
678,1.473684211,0.0,0.0
679,1.50877193,0.0,0.0
680,1.267519551,0.030059528,9.244334265
681,1.403508772,0.007966156,8.315133726
682,1.438596491,0.00802217,8.335908327
683,1.333326529,0.017284473,9.230647706
684,1.303251757,0.029708036,9.241172587
685,1.36840873,0.017391061,9.22872712
686,1.543859649,0.0,0.0
687,1.578947368,0.0,0.0
688,1.087719298,1.0,0.0
689,0.947883122,0.897997052,9.084763405
690,0.965825059,0.928507828,9.114652354
691,0.984884172,0.951933817,9.161378208
692,1.012776339,0.970256366,9.23919853
693,1.087719298,0.992079683,8.442827803
694,1.046497532,0.970668549,9.237535902
695,1.05261875,0.982717729,9.232774949
696,0.850637237,0.689475334,9.016801218
697,0.884079604,0.734478607,9.021980915
698,0.917701255,0.787414309,9.033534828
699,0.948776219,0.851651481,9.055332359
700,0.901462461,0.480871044,9.011557333
701,0.946207766,0.369407952,9.013312606
702,0.92433285,0.427841504,9.012011245
703,1.02361227,0.295408537,9.018104475
704,1.002444102,0.354153578,9.014015075
705,0.872714584,0.632993152,9.013583017
706,0.895932847,0.577660795,9.012142514
707,0.924745466,0.525889289,9.011615271
708,1.129744775,0.10508982,9.086927479
709,1.047436817,0.221357072,9.030485009
710,1.083045041,0.172100815,9.047035829
711,1.121673343,0.154214375,9.055046069
712,1.263276513,0.045941532,9.169807677
713,1.169941347,0.082228091,9.107937177
714,1.208063415,0.070826697,9.122597039
715,1.24193466,0.075016387,9.11695171
716,1.473684211,0.008061121,8.345642622
717,1.50877193,0.00807974,8.346515904
718,1.298472059,0.045269936,9.17196059
719,1.403495023,0.017525543,9.228807104
720,1.438584786,0.017648775,9.230868014
721,1.338815347,0.029386805,9.238878072
722,1.332793336,0.043878742,9.175697401
723,1.37276848,0.029424826,9.237016578
724,1.543859649,0.008086882,8.347399237
725,1.614035088,0.0,0.0
726,1.578947368,0.008093017,8.34847352
727,1.649122807,0.0,0.0
728,1.122807018,1.0,0.0
729,1.122807018,0.992065697,8.443070539
730,0.980801433,0.891677868,9.079036165
731,1.000111183,0.926726084,9.112033151
732,1.019355715,0.952714031,9.164047674
733,1.087710176,0.982575302,9.235863498
734,1.054003748,0.955946919,9.17294773
735,1.081450396,0.970298787,9.235991286
736,0.904690045,0.679757872,9.016187496
737,0.936374147,0.726413304,9.020786811
738,0.96675155,0.781541915,9.032176945
739,0.994414259,0.837668584,9.049783635
740,1.078064852,0.280589167,9.020243544
741,0.962355615,0.477960428,9.01170564
742,0.982482477,0.413580239,9.012337144
743,1.057201474,0.338177643,9.014927911
744,1.037668531,0.396323701,9.012779324
745,0.926380105,0.624881974,9.013421121
746,0.948957089,0.572433143,9.01220077
747,0.970252023,0.530751814,9.011761254
748,1.166603707,0.124015489,9.072164064
749,1.111475198,0.21873721,9.031327843
750,1.152801041,0.181653235,9.043489122
751,1.126192242,0.277943636,9.020966084
752,1.281364996,0.070962958,9.122249916
753,1.212652278,0.108339291,9.08230319
754,1.262192992,0.10744138,9.082503955
755,1.473676394,0.017734465,9.2329738
756,1.50876772,0.017775428,9.236139614
757,1.317545814,0.066853609,9.128665109
758,1.406598936,0.030168631,9.234779804
759,1.441917827,0.030550311,9.232462647
760,1.36735847,0.043921469,9.173822574
761,1.347757555,0.061677403,9.137190377
762,1.400492359,0.04552068,9.168944696
763,1.543857467,0.017791141,9.234621811
764,1.614035088,0.008095605,8.349210449
765,1.578946325,0.017804638,9.23404229
766,1.684210526,0.0,0.0
767,1.649122807,0.008089348,8.347426882
768,1.719298246,0.0,0.0
769,1.157894737,1.0,0.0
770,1.157894737,0.992078381,8.436636103
771,1.122804127,0.982544534,9.234980324
772,1.019549213,0.889166858,9.077726546
773,1.038141831,0.926818642,9.113412294
774,1.069050442,0.935103618,9.127433711
775,1.11648058,0.970829101,9.235000576
776,1.088439061,0.955180729,9.169707609
777,1.192982456,0.992067351,8.442981966
778,0.957284465,0.671847631,9.015723589
779,0.987412813,0.721234649,9.020138745
780,1.015787583,0.781559975,9.032322521
781,1.04068176,0.839223346,9.05065022
782,1.110228099,0.323582543,9.016099458
783,1.011292987,0.51094822,9.011776243
784,1.021882784,0.455789727,9.011965002
785,1.091189407,0.379006454,9.013318684
786,1.07073663,0.437132145,9.012211758
787,0.978695469,0.614651136,9.013206143
788,0.99758613,0.562839214,9.012166779
789,1.037910245,0.544974545,9.01205747
790,1.201646986,0.168106827,9.048838385
791,1.171566994,0.239111875,9.026858147
792,1.16176334,0.303831861,9.017816573
793,1.302974428,0.100635435,9.088565821
794,1.246279058,0.158922099,9.052690892
795,1.286683066,0.146294784,9.058753883
796,1.480014596,0.028536182,9.236255578
797,1.512007042,0.030968363,9.230357797
798,1.34242129,0.092783698,9.096996915
799,1.46988308,0.046527164,9.167079682
800,1.435930989,0.045388572,9.169175192
801,1.380340542,0.072292933,9.119861262
802,1.41536704,0.066550493,9.12894356
803,1.546629324,0.030750039,9.230598855
804,1.614035362,0.017810331,9.232727811
805,1.582403325,0.031031929,9.229567546
806,1.684210526,0.008083554,8.346664121
807,1.649124032,0.017796565,9.232008943
808,1.754385965,0.0,0.0
809,1.719298246,0.008090333,8.351815686
810,1.789473684,0.0,0.0
811,1.824561404,0.0,0.0
812,1.859649123,0.0,0.0
813,1.192982456,1.0,0.0
814,1.157892627,0.982572438,9.230267902
815,1.151388239,0.969185406,9.229544235
816,1.066565214,0.895770136,9.083268896
817,1.098879726,0.925695076,9.114985095
818,1.121003513,0.952708046,9.163698613
819,1.228070175,0.992029521,8.461187405
820,1.192976315,0.982548173,9.224627836
821,1.084527875,0.839719506,9.051134536
822,1.010100201,0.664347573,9.015344162
823,1.03884226,0.719962165,9.02016351
824,1.062962693,0.780083565,9.032105771
825,1.144779092,0.362093948,9.014062788
826,1.066760462,0.498793626,9.011897186
827,1.126522616,0.416728745,9.012583186
828,1.111232616,0.466123053,9.012078808
829,1.038408967,0.603276426,9.012970533
830,1.082980732,0.558455789,9.012309125
831,1.231990782,0.228402509,9.029863168
832,1.213527216,0.287671005,9.019738633
833,1.197743655,0.343946992,9.015064904
834,1.329070188,0.133900183,9.066160818
835,1.278865397,0.205335212,9.036318122
836,1.31573318,0.176986031,9.046072076
837,1.502924635,0.048229615,9.161263844
838,1.537583114,0.048127681,9.160612719
839,1.485242684,0.068839064,9.126869027
840,1.370379767,0.117693473,9.076210462
841,1.449064914,0.077451674,9.11363972
842,1.411210064,0.100673307,9.090917103
843,1.571960284,0.046976655,9.162543225
844,1.618313725,0.030428785,9.230236835
845,1.608330911,0.047548651,9.160636327
846,1.684212225,0.017783818,9.230483327
847,1.652814572,0.030433286,9.229589911
848,1.754385965,0.00807097,8.345320089
849,1.719304486,0.017798733,9.229186085
850,1.789473684,0.007963723,8.303770789
851,1.824561404,0.007764439,8.227006913
852,1.894736842,0.0,0.0
853,1.859649123,0.007468078,8.112843473
854,1.929824561,0.0,0.0
855,1.964912281,0.0,0.0
856,1.228070175,1.0,0.0
857,1.263157895,0.991982281,8.48182554
858,1.186962495,0.969749842,9.227022002
859,1.155889056,0.952549249,9.163401055
860,1.110517113,0.887456624,9.078049929
861,1.137044648,0.924064547,9.113683361
862,1.228060327,0.982464945,9.221251202
863,1.221212328,0.969767726,9.225637367
864,1.124659539,0.840519871,9.051926024
865,1.263146929,0.982361019,9.220025541
866,1.108133063,0.786060445,9.033796266
867,1.066568037,0.666165034,9.015616381
868,1.09069835,0.723898083,9.021046155
869,1.179777586,0.403140045,9.0129248
870,1.130501956,0.516539434,9.012092819
871,1.161806603,0.46187582,9.012198827
872,1.097327931,0.615234876,9.013471557
873,1.127625445,0.572034409,9.01261398
874,1.167554755,0.555636047,9.012464273
875,1.269334245,0.270164508,9.022505864
876,1.252009557,0.32509941,9.016308591
877,1.234599822,0.381832084,9.013590991
878,1.353353116,0.173738151,9.047754141
879,1.324051587,0.233823194,9.029257139
880,1.555884637,0.067414338,9.128529756
881,1.518856709,0.079121026,9.113050618
882,1.482111046,0.101619832,9.091435811
883,1.398704141,0.152415453,9.057069462
884,1.44064978,0.125111167,9.072992931
885,1.58894722,0.078585247,9.113411202
886,1.646572443,0.045759725,9.165230979
887,1.626092412,0.068432337,9.125792303
888,1.687308874,0.030454819,9.228290349
889,1.681252058,0.045873888,9.164385345
890,1.754406194,0.017756134,9.224395694
891,1.722955054,0.030453337,9.226134215
892,1.789514489,0.017520191,9.213517832
893,1.824622589,0.017081766,9.193573191
894,1.894736842,0.007102519,7.965956935
895,1.859723358,0.016429772,9.163382224
896,1.929824561,0.00681105,7.84554667
897,1.964912281,0.006665315,7.783806827
898,2.0,0.0,0.0
899,1.263157895,1.0,0.0
900,1.298245614,0.991939691,8.498869435
901,1.195909111,0.94985023,9.156997111
902,1.173923846,0.92115265,9.110489081
903,1.151455166,0.887088328,9.077886783
904,1.25810563,0.96949628,9.224110899
905,1.233478322,0.949615355,9.15603004
906,1.146210438,0.792372456,9.035668161
907,1.167708896,0.839587529,9.052072457
908,1.298235372,0.982267321,9.219412373
909,1.295035714,0.969161516,9.222757422
910,1.3333243,0.982187757,9.218861077
911,1.147459359,0.736297926,9.023420271
912,1.125058727,0.672961587,9.016266737
913,1.216881743,0.440132823,9.012450841
914,1.196095947,0.502232418,9.012189066
915,1.160177064,0.61409239,9.013565691
916,1.200336845,0.585078329,9.013020383
917,1.212851071,0.552320275,9.012528076
918,1.307760076,0.305781652,9.018026924
919,1.289088536,0.361189582,9.014424655
920,1.272097858,0.417483651,9.012844459
921,1.380554023,0.220534812,9.033325842
922,1.362761073,0.284221995,9.021018085
923,1.552563915,0.100102007,9.093297772
924,1.514541773,0.121711032,9.076914187
925,1.470890898,0.15368757,9.057830987
926,1.43137377,0.185578321,9.044090077
927,1.583466112,0.120212973,9.079305333
928,1.623914451,0.099702349,9.094874735
929,1.661136839,0.074637704,9.116683981
930,1.716418581,0.04573798,9.164798203
931,1.697397358,0.06803971,9.125743861
932,1.758801505,0.030333857,9.224694923
933,1.747808797,0.048403441,9.159774776
934,1.793323271,0.028097251,9.22227735
935,1.832453106,0.030852697,9.212727174
936,1.894806001,0.015625542,9.128314363
937,1.874823349,0.03031671,9.202953189
938,1.929871196,0.01498431,9.098987023
939,1.9649316,0.014663694,9.088190595
940,2.0,0.006665315,7.796590321
941,1.298245614,1.0,0.0
942,1.333333333,0.991903526,8.511258944
943,1.214513752,0.921405768,9.110960179
944,1.192894619,0.886608847,9.077531245
945,1.267682474,0.952703419,9.163852394
946,1.247609912,0.929119772,9.119907074
947,1.183903467,0.787361161,9.034329516
948,1.21160468,0.836731876,9.051528923
949,1.197226052,0.737053365,9.024066378
950,1.330044563,0.968714966,9.221045907
951,1.303541168,0.951918135,9.16139099
952,1.3684133,0.982117882,9.218558202
953,1.364703893,0.969195031,9.220684852
954,1.188121622,0.682081211,9.017282662
955,1.257074013,0.474150917,9.012327463
956,1.25467981,0.526350436,9.01237929
957,1.216645278,0.624308305,9.014213951
958,1.244456057,0.579034626,9.012968465
959,1.343344025,0.34082215,9.015501221
960,1.324717862,0.396113345,9.013368198
961,1.308887594,0.450819025,9.012515168
962,1.415349679,0.262371277,9.024780752
963,1.398195272,0.320908905,9.01703737
964,1.542829224,0.15067184,9.061660506
965,1.50977429,0.174203834,9.050562142
966,1.477735006,0.225985263,9.032846474
967,1.576693947,0.171638162,9.053165001
968,1.61246376,0.148257976,9.064180749
969,1.653832033,0.120376234,9.08067785
970,1.695422749,0.099840249,9.095791963
971,1.7317945,0.077055088,9.114602991
972,1.784342265,0.046699775,9.165732362
973,1.766781543,0.069410677,9.124402487
974,1.818091524,0.05101866,9.156783028
975,1.8567851,0.051735878,9.15510105
976,1.910294225,0.02836397,9.187606725
977,1.895162506,0.045988315,9.165598078
978,1.936952862,0.025807623,9.172001982
979,1.97232088,0.022159672,9.15297751
980,2.0,0.014663694,9.110908031
981,1.333333333,1.0,0.0
982,1.368421053,0.991871765,8.520746391
983,1.403502482,0.982058825,9.21843394
984,1.243143071,0.890435029,9.080936093
985,1.284321055,0.923055162,9.110567054
986,1.231132503,0.780512233,9.032580199
987,1.258235043,0.82950298,9.049244275
988,1.240669694,0.720070007,9.021825065
989,1.341536464,0.949760087,9.155022944
990,1.32198753,0.929312562,9.120241595
991,1.400430623,0.969574389,9.220017479
992,1.377769239,0.949777908,9.155346257
993,1.253144825,0.666221673,9.016441456
994,1.313240552,0.508171436,9.012385042
995,1.296130182,0.563601222,9.0128239
996,1.27330118,0.615523621,9.014084887
997,1.346255366,0.472104861,9.012459389
998,1.377540739,0.3766278,9.013992232
999,1.357348417,0.42973786,9.01282064
1000,1.455151671,0.301341895,9.018995192
1001,1.433165896,0.358485019,9.014801188
1002,1.543081649,0.214429636,9.03605299
1003,1.514409193,0.286496378,9.021373416
1004,1.605725643,0.212530015,9.036641005
1005,1.64491872,0.167709877,9.055355123
1006,1.683668918,0.15061794,9.063267283
1007,1.726379924,0.124717738,9.078406291
1008,1.767022666,0.105833388,9.091207215
1009,1.798357377,0.079443584,9.112155325
1010,1.840316433,0.081253184,9.108716626
1011,1.882755115,0.07218695,9.117413235
1012,1.930213805,0.044131781,9.165809376
1013,1.915899949,0.063574158,9.127711334
1014,1.967434643,0.037624206,9.171737545
1015,2.0,0.029673173,9.174486491
1016,1.368421053,1.0,0.0
1017,1.403508772,0.99184492,8.528639848
1018,1.43859204,0.982011769,9.21822161
1019,1.436025258,0.96896833,9.21730792
1020,1.290226213,0.871913565,9.069619159
1021,1.322725576,0.89777917,9.088935632
1022,1.281335625,0.766781934,9.029565322
1023,1.300393972,0.817446632,9.045836006
1024,1.298669605,0.711849415,9.021152636
1025,1.360299847,0.918442776,9.106674087
1026,1.409132147,0.953565123,9.163962422
1027,1.394893524,0.929016793,9.1206134
1028,1.314278168,0.655466237,9.015829887
1029,1.362539718,0.504295523,9.012436995
1030,1.355947624,0.550306547,9.012776838
1031,1.335155867,0.602220667,9.013791529
1032,1.38926055,0.467500458,9.01250073
1033,1.412505432,0.41467824,9.013118132
1034,1.48990368,0.342605598,9.015780077
1035,1.466253109,0.395444861,9.013555242
1036,1.574404238,0.279481964,9.022899214
1037,1.547396437,0.329761986,9.016838628
1038,1.625082172,0.274355086,9.024197091
1039,1.669031186,0.217974859,9.035120676
1040,1.715248373,0.177596102,9.05045716
1041,1.763867475,0.158753924,9.058204524
1042,1.814095723,0.131244235,9.07185366
1043,1.869950935,0.114210786,9.080275727
1044,1.914863419,0.094323014,9.094736968
1045,1.955440543,0.067566758,9.1198209
1046,2.0,0.050923689,9.149533701
1047,1.403508772,1.0,0.0
1048,1.438596491,0.991823531,8.535014231
1049,1.473682195,0.981981289,9.218055391
1050,1.470745817,0.968825345,9.216399555
1051,1.445485427,0.951336003,9.158370306
1052,1.334271055,0.848228563,9.05736287
1053,1.36655892,0.87167646,9.07074189
1054,1.337901922,0.770806117,9.031248537
1055,1.352060526,0.697103911,9.01960649
1056,1.399017107,0.895764649,9.087404042
1057,1.4292642,0.924052939,9.11433837
1058,1.373337005,0.639878135,9.014958449
1059,1.409057752,0.521913511,9.012519381
1060,1.395565315,0.586128254,9.013488248
1061,1.451543396,0.460331968,9.012569142
1062,1.523066869,0.38407386,9.013960803
1063,1.503531093,0.429092811,9.012952917
1064,1.571948625,0.374255651,9.014385706
1065,1.611953471,0.3318362,9.016817343
1066,1.674077536,0.299989438,9.020362547
1067,1.734943343,0.240002298,9.030027215
1068,1.801348352,0.205290003,9.03954565
1069,1.857488907,0.177383436,9.049228717
1070,1.909008641,0.137957475,9.064593853
1071,1.955493118,0.115902643,9.076244199
1072,2.0,0.083386078,9.101749393
1073,1.438596491,1.0,0.0
1074,1.473684211,0.991809677,8.537727123
1075,1.508772932,0.981974335,9.217168907
1076,1.505276056,0.968533221,9.214422092
1077,1.478289768,0.953222783,9.16235862
1078,1.463808726,0.932236042,9.124753731
1079,1.377330725,0.810265134,9.042786523
1080,1.408317144,0.847149327,9.058924501
1081,1.390645716,0.739411886,9.026056667
1082,1.400451315,0.682460523,9.018436554
1083,1.434769005,0.8842496,9.079072574
1084,1.468933204,0.89880697,9.090641473
1085,1.470699877,0.515039273,9.012519886
1086,1.438460888,0.635827198,9.014750165
1087,1.458285031,0.56566539,9.013113341
1088,1.511372702,0.478423871,9.012485975
1089,1.558582095,0.433205305,9.012828314
1090,1.618028473,0.399777883,9.013420624
1091,1.672736814,0.365231392,9.01463248
1092,1.730838063,0.328924436,9.016830977
1093,1.790192418,0.291487323,9.020960004
1094,1.848176391,0.257368943,9.02681908
1095,1.902353398,0.218229172,9.035762313
1096,1.952952903,0.177497552,9.047960418
1097,2.0,0.139775622,9.061905923
1098,1.473684211,1.0,0.0
1099,1.50877193,0.991806516,8.537666541
1100,1.543864049,0.981994786,9.2153247
1101,1.541047374,0.968786992,9.21379247
1102,1.515828957,0.950805746,9.156433136
1103,1.499437659,0.924417501,9.113534724
1104,1.576695718,0.968884826,9.211332414
1105,1.425676646,0.7859003,9.035328234
1106,1.446276352,0.829272512,9.051828102
1107,1.448273548,0.708726594,9.021501865
1108,1.487115126,0.661679026,9.016771786
1109,1.475958173,0.848799417,9.060729894
1110,1.507708018,0.877742558,9.076369686
1111,1.512557004,0.538809336,9.012684344
1112,1.506147499,0.606382106,9.013807098
1113,1.564470487,0.500310476,9.012391084
1114,1.617567371,0.466458252,9.012363797
1115,1.672870885,0.432661557,9.012551181
1116,1.72867855,0.398204749,9.013090599
1117,1.784341409,0.363427533,9.014168266
1118,1.841406552,0.330667005,9.016035456
1119,1.896985311,0.299771746,9.019184584
1120,1.949190316,0.26285454,9.024922543
1121,2.0,0.213304213,9.036347207
1122,1.50877193,1.0,0.0
1123,1.543859649,0.991815812,8.534408583
1124,1.578955302,0.982045296,9.213453468
1125,1.548763581,0.953002784,9.160641615
1126,1.53429617,0.931638201,9.122327554
1127,1.539628653,0.895550527,9.088910653
1128,1.608729731,0.971264292,9.213907244
1129,1.586103511,0.951381856,9.15664357
1130,1.529250292,0.657927738,9.016583867
1131,1.483216393,0.780576346,9.033939632
1132,1.511291507,0.707135373,9.021606907
1133,1.514846067,0.822148514,9.049632085
1134,1.547590236,0.84006503,9.057406685
1135,1.564366426,0.567034898,9.012929572
1136,1.566474464,0.627514118,9.01460901
1137,1.618600758,0.532805306,9.012390762
1138,1.672851526,0.499988986,9.012054641
1139,1.728122504,0.46656412,9.011894359
1140,1.783217315,0.43243206,9.011959894
1141,1.838777386,0.398575331,9.01231413
1142,1.893638576,0.365925969,9.013157697
1143,1.947650505,0.333620176,9.014988658
1144,2.0,0.290854251,9.019171685
1145,1.543859649,1.0,0.0
1146,1.578947368,0.991838771,8.526265964
1147,1.614046354,0.982126566,9.210529351
1148,1.645528428,0.969225992,9.208841054
1149,1.570210678,0.923153023,9.111203307
1150,1.578529159,0.876286849,9.076378484
1151,1.618922202,0.953439017,9.159343956
1152,1.603880812,0.932640139,9.123185772
1153,1.654436661,0.953056437,9.157433907
1154,1.564860738,0.686269324,9.018931787
1155,1.556048784,0.768997291,9.031026472
1156,1.586074381,0.821462756,9.049892762
1157,1.617948277,0.596388083,9.013457791
1158,1.614182602,0.651899198,9.015909921
1159,1.672643481,0.566897265,9.012588673
1160,1.727228654,0.534700014,9.011916099
1161,1.783107334,0.501037838,9.011430488
1162,1.838072454,0.466535302,9.011134139
1163,1.892670419,0.432930229,9.011040345
1164,1.946637913,0.399972544,9.011248794
1165,2.0,0.367144382,9.011977274
1166,1.578947368,1.0,0.0
1167,1.614035088,0.991875712,8.51365019
1168,1.649137263,0.98223183,9.206710131
1169,1.681128673,0.969643047,9.207540153
1170,1.610025139,0.899087065,9.091588482
1171,1.620929424,0.847949817,9.061841689
1172,1.639632018,0.924673511,9.112872031
1173,1.687763202,0.954296806,9.158866692
1174,1.671947869,0.934281459,9.124896284
1175,1.6142165,0.712521843,9.022177329
1176,1.626294449,0.781799144,9.034086368
1177,1.670706061,0.632458469,9.014642597
1178,1.65548242,0.680066321,9.018055741
1179,1.724778587,0.604105478,9.013211951
1180,1.781718931,0.5695527,9.012019265
1181,1.837666143,0.534556043,9.011155649
1182,1.89235524,0.500093529,9.010554005
1183,1.946347068,0.466615312,9.010153043
1184,2.0,0.433572191,9.009940135
1185,1.614035088,1.0,0.0
1186,1.649122807,0.991923559,8.497406244
1187,1.684228342,0.982363903,9.202584197
1188,1.716488119,0.969545711,9.204484097
1189,1.721650042,0.953662009,9.15673316
1190,1.647875385,0.881094073,9.079328511
1191,1.659475054,0.831281811,9.054148856
1192,1.677149416,0.904562689,9.096435563
1193,1.706804901,0.927102854,9.115497585
1194,1.669850082,0.725843841,9.024334957
1195,1.675392621,0.783278014,9.034692514
1196,1.71466387,0.68021585,9.017530645
1197,1.779977233,0.640267945,9.014475316
1198,1.837555634,0.602648884,9.012449301
1199,1.892197922,0.567364891,9.01113835
1200,1.94625699,0.533251338,9.010219724
1201,2.0,0.5,9.009528529
1202,1.649122807,1.0,0.0
1203,1.684210526,0.991983592,8.475917058
1204,1.719318991,0.982531499,9.1972389
1205,1.750530426,0.969872083,9.201852754
1206,1.755288115,0.954773377,9.157670151
1207,1.739490287,0.935046383,9.124835109
1208,1.688418186,0.860159024,9.066914515
1209,1.697547122,0.817645567,9.047790981
1210,1.710657649,0.88864979,9.085323892
1211,1.740771677,0.902600204,9.09546435
1212,1.723752425,0.764690792,9.030413704
1213,1.780813499,0.708197859,9.020640691
1214,1.837449575,0.670047383,9.016154039
1215,1.892386346,0.634283138,9.013312534
1216,1.946278654,0.599911449,9.011443608
1217,2.0,0.566427809,9.010111372
1218,1.684210526,1.0,0.0
1219,1.719298246,0.992059772,8.449000523
1220,1.754406816,0.982736614,9.191042367
1221,1.783672634,0.970707093,9.198715137
1222,1.788298505,0.956253902,9.160165466
1223,1.773269996,0.926518437,9.114336023
1224,1.740222724,0.848366145,9.058769528
1225,1.772581906,0.888272838,9.085081006
1226,1.787777058,0.78928827,9.037068979
1227,1.840087447,0.739321148,9.02561236
1228,1.894178565,0.705874122,9.01970774
1229,1.946847412,0.666136371,9.015132399
1230,2.0,0.632855618,9.012245861
1231,1.719298246,1.0,0.0
1232,1.754385965,0.992153006,8.416765992
1233,1.789492569,0.982906192,9.186731159
1234,1.818453862,0.971711981,9.196749584
1235,1.806670765,0.937010439,9.127635935
1236,1.823395645,0.958051666,9.163826981
1237,1.808004279,0.905469823,9.096028174
1238,1.800214631,0.855964551,9.062731572
1239,1.847952778,0.824323204,9.047782086
1240,1.897911423,0.78881421,9.036749369
1241,1.948368379,0.741847027,9.025615353
1242,2.0,0.708145326,9.019300985
1243,1.754385965,1.0,0.0
1244,1.789473684,0.992230087,8.389335962
1245,1.824586029,0.982997892,9.183188735
1246,1.854319483,0.971838381,9.193339969
1247,1.83902235,0.931791988,9.121153376
1248,1.858767234,0.958283393,9.164413247
1249,1.856374817,0.88934693,9.081288663
1250,1.904792001,0.860976196,9.06307532
1251,1.952162122,0.82643457,9.048282691
1252,2.0,0.793961419,9.037439745
1253,1.789473684,1.0,0.0
1254,1.824561404,0.992271769,8.374904697
1255,1.859688938,0.983246125,9.173207258
1256,1.888915453,0.973676409,9.187724235
1257,1.880603927,0.936230889,9.126395533
1258,1.893156249,0.961959391,9.167449073
1259,1.914033751,0.910671856,9.097534334
1260,1.95531091,0.88619722,9.076566148
1261,2.0,0.871879723,9.066672132
1262,1.824561404,1.0,0.0
1263,1.859649123,0.992384602,8.33021703
1264,1.894782371,0.983761606,9.154838058
1265,1.922591135,0.971110913,9.17829293
1266,1.926298013,0.951981591,9.147219105
1267,1.960877584,0.930587173,9.117669601
1268,2.0,0.916633799,9.102993559
1269,1.859649123,1.0,0.0
1270,1.894736842,0.992618912,8.237218617
1271,1.92985792,0.98421503,9.138077469
1272,1.956904719,0.972039632,9.170357379
1273,1.97027288,0.958160363,9.155234219
1274,2.0,0.947677174,9.141750412
1275,1.894736842,1.0,0.0
1276,1.929824561,0.992825013,8.155503406
1277,1.964926523,0.984441741,9.133554774
1278,1.978299044,0.975929619,9.163792095
1279,2.0,0.9698533,9.166653895
1280,1.929824561,1.0,0.0
1281,1.964912281,0.992928064,8.113348037
1282,2.0,0.984441741,9.145008719
1283,1.964912281,1.0,0.0
1284,2.0,0.992928064,8.119705969
1285,2.0,1.0,0.0
