node_1,node_2,node_3
18,9,16
19,9,18
30,16,17
16,30,18
31,17,27
17,31,30
18,32,19
32,18,30
19,32,33
44,29,41
45,27,28
27,45,31
46,28,29
28,46,45
29,44,46
45,47,31
30,48,32
31,48,30
31,47,48
32,49,33
32,48,49
33,49,50
55,38,37
56,55,37
57,54,38
38,55,57
64,41,63
41,64,44
67,44,64
68,46,44
44,67,68
69,45,46
47,45,69
46,68,69
70,68,67
47,69,72
47,72,48
48,73,49
73,48,72
71,50,74
49,74,50
49,73,74
81,77,54
54,57,81
80,82,56
55,56,82
82,57,55
83,81,57
57,82,83
95,63,65
63,95,64
96,64,95
64,96,67
97,65,66
65,97,95
98,66,94
66,98,97
99,67,96
67,99,70
68,100,69
69,100,72
68,70,100
70,101,100
101,70,99
102,101,99
103,75,71
74,103,71
72,104,73
104,72,100
105,103,74
73,105,74
105,73,104
106,76,75
75,103,106
107,87,76
76,106,107
108,79,77
77,81,108
110,109,79
79,108,110
111,112,80
82,80,112
113,108,81
81,83,113
82,112,114
83,82,114
83,114,113
127,88,87
87,107,127
128,116,88
88,127,128
134,94,129
94,134,98
135,95,97
95,135,96
136,96,135
96,136,99
137,97,98
97,137,135
138,98,134
98,138,137
136,139,99
102,99,139
100,140,104
101,140,100
101,102,140
102,139,141
102,141,140
142,106,103
103,105,142
143,142,105
105,104,143
140,143,104
144,107,106
106,142,144
145,127,107
107,144,145
146,110,108
146,108,113
147,124,109
109,110,147
148,147,110
110,146,148
149,111,115
112,111,149
149,150,112
114,112,150
150,151,114
113,151,146
113,114,151
152,115,120
115,152,149
153,117,116
116,128,153
154,118,117
117,153,154
155,119,118
118,154,155
156,120,119
120,156,152
119,155,156
162,161,124
147,162,124
167,128,127
127,145,167
168,153,128
128,167,168
169,129,132
129,169,134
172,132,133
132,172,169
173,133,170
133,173,172
174,134,169
134,174,138
175,135,137
135,175,136
136,175,139
176,137,138
137,176,175
177,138,174
138,177,176
178,141,139
179,139,175
179,178,139
178,180,141
143,140,181
141,181,140
180,181,141
182,144,142
142,143,182
181,182,143
183,145,144
144,182,183
184,167,145
145,183,184
185,148,146
146,151,185
186,162,147
147,148,186
187,186,148
148,185,187
188,149,152
150,149,188
150,188,189
151,150,189
185,151,189
190,152,156
152,190,188
191,154,153
153,168,191
192,155,154
154,191,192
193,156,155
156,193,190
155,192,193
198,163,161
161,162,198
199,198,162
162,186,199
196,163,200
163,198,200
207,168,167
167,184,207
208,191,168
168,207,208
172,209,169
169,209,174
210,170,171
170,210,173
211,171,206
171,211,210
212,172,173
172,212,209
213,173,210
173,213,212
214,174,209
174,214,177
176,215,175
176,177,215
179,175,215
177,214,216
177,216,215
179,215,217
178,179,217
178,217,180
180,217,218
180,219,181
218,219,180
182,220,183
182,181,220
219,220,181
221,184,183
183,220,221
222,207,184
184,221,222
187,185,223
185,189,223
224,199,186
186,187,224
187,223,224
225,188,190
188,225,189
226,189,225
223,189,226
227,190,193
190,227,225
228,192,191
191,208,228
229,193,192
193,229,227
192,228,229
232,197,196
200,232,196
233,230,197
197,232,233
234,200,198
198,199,234
235,234,199
199,224,235
236,232,200
200,234,236
245,206,242
206,245,211
246,208,207
207,222,246
247,228,208
208,246,247
248,209,212
209,248,214
249,211,245
250,210,211
210,250,213
211,249,250
251,212,213
212,251,248
252,213,250
213,252,251
248,253,214
253,216,214
217,215,254
216,254,215
253,255,216
255,254,216
254,256,217
218,217,256
219,218,257
256,257,218
258,221,220
220,219,258
257,258,219
259,222,221
259,221,258
260,246,222
222,259,260
224,223,262
226,262,223
235,224,263
262,263,224
264,225,227
225,264,226
226,265,262
265,226,264
266,227,229
227,266,264
267,229,228
229,267,266
228,247,267
268,231,230
230,233,268
269,237,231
231,268,269
270,233,232
232,236,270
271,268,233
233,270,271
236,234,272
234,235,272
235,263,272
273,270,236
236,272,273
237,269,274
274,275,237
281,242,280
242,281,245
284,245,281
245,284,249
285,247,246
246,260,285
286,267,247
247,285,286
287,249,284
251,288,248
288,253,248
250,249,289
250,289,252
249,287,289
252,290,251
252,289,290
290,288,251
288,291,253
291,255,253
256,254,292
255,292,254
291,293,255
293,292,255
294,258,257
256,292,295
257,256,295
294,257,295
296,259,258
294,296,258
297,260,259
296,297,259
298,285,260
260,297,298
263,262,302
265,302,262
303,272,263
303,263,302
304,264,266
264,304,265
265,304,302
305,266,267
266,305,304
267,286,305
306,269,268
268,271,306
307,274,269
307,269,306
308,306,271
270,309,271
270,273,309
271,309,308
273,272,310
303,310,272
273,310,309
274,307,311
275,274,312
311,312,274
312,313,275
319,280,283
280,319,281
320,281,319
281,320,284
322,283,321
283,322,319
323,284,320
284,323,287
324,286,285
285,298,324
325,305,286
286,324,325
287,326,289
287,323,326
288,290,327
327,291,288
326,328,289
290,289,328
328,327,290
291,327,329
293,291,329
293,329,330
292,330,295
292,293,330
294,331,296
294,295,331
332,331,295
332,295,330
296,333,297
296,331,333
334,298,297
297,333,334
335,324,298
298,334,335
302,341,303
341,302,342
342,302,304
310,303,343
343,303,341
344,304,305
342,304,344
305,325,344
345,311,307
307,306,346
307,346,345
306,308,346
308,347,346
308,309,347
310,348,309
348,310,343
347,309,348
311,345,349
312,311,350
349,350,311
351,315,313
313,312,351
350,351,312
353,352,315
315,351,353
359,319,322
319,359,320
360,320,359
320,360,323
321,338,361
361,322,321
362,322,361
322,362,359
360,363,323
363,364,323
326,323,364
365,325,324
324,335,365
366,344,325
366,325,365
328,326,367
364,367,326
367,368,328
327,328,368
368,329,327
329,368,369
369,330,329
330,369,370
332,330,370
331,371,333
332,371,331
332,370,371
372,334,333
333,371,372
373,335,334
334,372,373
374,365,335
335,373,374
377,338,376
338,377,361
341,382,343
342,382,341
342,344,382
343,383,348
383,343,382
384,382,344
366,384,344
345,385,349
345,346,385
347,386,346
385,346,386
386,347,387
348,387,347
387,348,383
349,385,388
350,349,389
349,388,389
390,353,351
351,350,390
389,390,350
391,355,352
352,353,391
392,391,353
353,390,392
395,394,355
355,391,395
399,359,362
359,399,360
360,399,363
400,361,377
361,400,362
401,362,400
362,401,399
402,363,399
364,363,403
402,403,363
403,404,364
404,367,364
366,365,405
366,405,384
365,374,405
368,367,406
406,369,368
404,406,367
369,406,407
407,370,369
370,407,408
370,408,371
409,405,374
410,372,371
408,410,371
411,373,372
372,410,411
412,374,373
409,374,412
412,373,411
414,376,378
376,414,377
415,377,414
377,415,400
416,378,413
378,416,414
383,382,421
383,421,387
421,382,384
384,422,421
422,384,405
388,385,423
386,423,385
387,424,386
423,386,424
424,387,421
425,388,423
389,388,426
426,388,425
427,392,390
390,389,427
427,389,426
428,395,391
391,392,428
429,428,392
392,427,429
432,397,394
394,395,432
433,432,395
395,428,433
435,434,397
397,432,435
401,437,399
437,402,399
438,400,415
400,438,401
401,438,437
402,437,439
439,440,402
403,402,440
404,403,441
404,441,406
440,441,403
442,422,405
442,405,409
443,442,409
444,407,406
406,441,444
445,407,444
445,408,407
446,408,445
446,410,408
443,409,447
447,409,412
448,411,410
446,448,410
412,411,449
447,412,449
411,448,449
413,418,451
451,416,413
452,414,416
414,452,415
453,415,452
415,453,438
454,416,451
416,454,452
456,418,455
418,456,451
421,460,424
460,421,422
461,460,422
461,422,442
425,423,462
424,462,423
462,424,460
425,463,426
425,462,463
429,427,464
427,426,464
426,463,464
428,465,433
428,429,465
429,464,465
468,435,432
432,433,468
469,468,433
433,465,469
470,436,434
434,435,470
471,470,435
435,468,471
472,467,436
436,470,472
473,437,438
437,473,439
453,474,438
474,473,438
439,473,475
440,439,476
440,476,441
475,476,439
441,476,477
477,444,441
461,442,478
443,478,442
443,479,478
443,447,479
480,448,446
444,481,445
481,444,477
482,445,481
445,482,446
480,446,482
483,479,447
483,447,449
448,484,449
480,484,448
485,483,449
485,449,484
489,451,456
451,489,454
452,454,490
452,490,453
453,490,474
491,454,489
454,491,490
492,455,458
455,492,456
493,456,492
456,493,489
495,458,494
458,495,492
460,499,462
461,499,460
461,478,499
462,500,463
500,462,499
463,501,464
463,500,501
502,465,464
502,464,501
469,465,503
502,503,465
505,504,467
467,472,505
471,468,506
468,469,506
469,503,506
507,472,470
470,471,507
508,507,471
471,506,508
509,505,472
472,507,509
473,474,510
510,475,473
474,490,511
511,510,474
475,510,512
512,476,475
512,513,476
477,476,513
514,477,513
514,481,477
478,515,499
478,479,515
516,515,479
479,483,516
480,482,517
480,517,484
486,484,517
481,518,482
514,518,481
517,482,518
519,516,483
485,519,483
520,486,517
485,521,519
485,484,521
486,521,484
522,486,520
522,521,486
489,493,525
489,525,491
491,526,490
526,511,490
491,525,526
527,492,495
492,527,493
528,493,527
528,525,493
494,524,529
529,495,494
530,495,529
495,530,527
500,499,538
515,538,499
539,501,500
500,538,539
502,540,503
502,501,540
501,539,540
503,541,506
541,503,540
542,535,504
504,505,542
543,542,505
505,509,543
508,506,544
544,506,541
509,507,545
507,508,545
508,544,545
546,543,509
509,545,546
510,511,547
547,512,510
511,526,548
548,547,511
512,547,549
549,513,512
550,513,549
514,513,551
550,551,513
514,551,518
515,552,538
515,516,552
553,552,516
516,519,553
518,554,517
520,517,554
518,551,554
555,553,519
519,521,555
520,554,556
520,556,522
557,555,521
522,556,557
522,557,521
559,524,558
524,559,529
528,560,525
526,525,561
561,548,526
525,560,561
562,548,561
563,527,530
527,563,528
528,563,560
564,529,559
529,564,530
565,530,564
530,565,563
535,542,573
573,574,535
577,539,538
552,577,538
578,540,539
578,539,577
579,541,540
579,540,578
541,580,544
579,580,541
581,573,542
542,543,581
582,581,543
543,546,582
544,583,545
583,544,580
546,545,584
584,545,583
546,584,582
547,548,585
585,549,547
562,585,548
549,585,586
550,549,586
550,586,587
550,587,551
588,551,587
551,588,554
589,577,552
552,553,589
590,589,553
553,555,590
591,554,588
556,554,591
592,590,555
557,592,555
591,593,556
556,593,557
592,557,593
594,558,568
558,594,559
595,559,594
559,595,564
596,560,563
561,560,597
561,597,562
560,596,597
562,597,598
598,585,562
565,599,563
596,563,599
600,564,595
564,600,565
565,600,599
603,568,602
568,603,594
573,581,611
574,573,612
611,612,573
612,613,574
577,616,578
577,589,616
579,617,580
579,578,617
578,616,617
580,618,583
618,580,617
619,611,581
581,582,619
619,582,620
582,584,620
584,583,621
621,583,618
620,584,621
622,586,585
585,598,622
591,588,623
586,622,624
586,624,587
625,587,624
587,625,588
625,623,588
626,616,589
589,590,626
626,590,627
592,627,590
623,628,591
593,591,628
627,592,629
593,629,592
628,629,593
630,594,603
594,630,595
631,595,630
595,631,600
632,622,598
596,599,633
633,597,596
634,598,597
633,634,597
598,634,632
599,600,635
599,635,633
631,636,600
636,635,600
638,602,604
602,638,603
639,603,638
603,639,630
640,604,605
604,640,638
641,605,637
605,641,640
611,619,649
612,611,650
649,650,611
613,612,651
650,651,612
651,652,613
616,655,617
616,626,655
617,656,618
656,617,655
618,657,621
657,618,656
619,658,649
620,658,619
621,659,620
659,621,657
658,620,659
660,628,623
661,624,622
622,632,661
623,625,662
660,623,662
663,624,661
624,663,625
662,625,663
664,661,632
655,626,665
627,665,626
665,627,666
629,666,627
666,629,667
628,667,629
660,667,628
668,630,639
630,668,631
631,668,636
669,632,634
632,669,664
633,635,670
634,670,669
670,634,633
635,636,671
671,670,635
636,668,672
672,671,636
673,637,642
637,673,641
674,638,640
638,674,639
675,639,674
639,675,668
676,640,641
640,676,674
677,641,673
641,677,676
680,642,646
642,680,673
684,646,683
646,684,680
689,649,658
650,649,690
689,690,649
651,650,691
690,691,650
692,653,652
652,651,692
691,692,651
653,692,694
694,695,653
696,656,655
696,655,665
656,697,657
697,656,696
657,698,659
698,657,697
689,658,699
659,699,658
659,698,699
660,662,700
660,700,667
661,664,701
701,663,661
663,701,702
662,663,702
662,702,700
703,664,669
664,703,704
704,701,664
665,705,696
705,665,666
666,706,705
706,666,667
706,667,707
700,707,667
675,708,668
708,672,668
670,671,709
709,669,670
669,709,703
710,671,672
710,709,671
672,708,711
711,710,672
712,673,680
673,712,677
676,713,674
674,713,675
675,713,708
714,676,677
676,714,713
715,677,712
677,715,714
718,680,684
680,718,712
721,683,685
683,721,684
722,684,721
684,722,718
723,685,719
685,723,721
689,730,690
689,699,730
691,690,731
690,730,731
732,694,692
692,691,732
731,732,691
694,732,734
695,694,735
734,735,694
735,733,695
696,736,697
736,696,705
697,737,698
737,697,736
698,738,699
738,698,737
699,739,730
739,699,738
740,703,709
700,702,741
707,700,741
701,704,742
742,702,701
702,742,741
703,740,743
743,704,703
704,743,744
744,742,704
745,705,706
705,745,736
706,746,745
746,706,707
747,746,707
747,707,741
748,708,713
708,748,711
710,711,749
710,749,709
709,749,740
711,748,750
750,749,711
751,740,749
752,712,718
712,752,715
714,753,713
714,715,753
748,713,753
715,752,754
715,754,753
757,718,722
718,757,752
758,719,720
719,758,723
759,720,755
720,759,758
760,721,723
721,760,722
761,722,760
722,761,757
762,723,758
723,762,760
730,772,731
730,739,772
773,734,732
732,731,773
773,731,772
774,734,773
775,771,733
733,735,775
735,734,776
774,776,734
776,775,735
736,778,737
778,736,745
737,779,738
779,737,778
780,739,738
738,779,780
781,772,739
739,780,781
782,743,740
751,782,740
747,741,783
742,744,784
784,741,742
783,741,784
743,782,785
785,744,743
744,785,786
786,784,744
745,787,778
787,745,746
746,788,787
747,788,746
747,783,788
789,788,783
748,753,790
790,750,748
750,790,791
750,791,749
751,749,791
751,791,792
751,792,782
752,757,793
752,793,754
794,790,753
754,794,753
754,793,795
795,794,754
796,755,756
755,796,759
797,756,763
756,797,796
761,798,757
757,798,793
799,759,796
800,758,759
758,800,762
759,799,800
760,762,801
760,801,761
761,801,798
802,762,800
762,802,801
803,763,765
763,803,797
805,765,804
765,805,803
815,814,771
771,775,815
774,773,816
773,772,816
772,781,816
774,817,776
774,816,817
818,815,775
775,776,818
776,817,818
821,816,781
778,822,779
822,778,787
823,780,779
779,822,823
781,824,821
780,824,781
824,780,823
782,792,825
825,785,782
786,826,784
783,784,826
789,783,826
785,825,827
827,786,785
828,786,827
828,826,786
787,829,822
788,829,787
788,789,829
789,830,829
789,826,830
790,794,831
831,791,790
831,832,791
832,792,791
792,832,833
833,825,792
793,798,834
834,795,793
835,831,794
794,795,835
795,834,836
836,835,795
837,796,797
796,837,799
838,797,803
797,838,837
839,799,837
798,801,840
798,840,834
800,799,841
800,841,802
839,841,799
802,842,801
802,841,842
842,840,801
843,803,805
803,843,838
844,804,807
804,844,805
845,805,844
805,845,843
847,807,846
807,847,844
858,820,814
814,815,858
859,858,815
815,818,859
817,816,860
860,816,821
861,859,818
818,817,861
817,860,861
863,862,820
820,858,863
864,860,821
864,821,866
866,821,824
867,823,822
822,829,867
824,868,866
868,824,823
823,867,868
825,833,869
869,827,825
828,870,826
830,826,870
827,869,871
828,827,871
828,871,870
872,867,829
872,829,830
873,872,830
873,830,870
874,873,870
831,835,875
875,832,831
876,832,875
876,833,832
833,876,877
877,869,833
834,840,878
836,834,878
836,878,879
835,879,875
835,836,879
880,838,843
837,838,881
837,881,839
838,880,881
839,882,841
839,881,882
840,842,883
883,878,840
882,884,841
842,841,884
884,883,842
843,845,885
880,843,885
886,844,847
844,886,845
887,845,886
845,887,885
888,846,849
846,888,847
889,847,888
847,889,886
891,849,890
849,891,888
901,863,858
858,859,901
902,901,859
859,861,902
903,861,860
860,864,903
861,903,902
904,865,862
862,863,904
905,904,863
863,901,905
906,864,866
907,903,864
907,864,906
909,908,865
865,904,909
906,866,911
911,866,868
868,912,911
912,868,867
867,872,912
869,877,913
913,871,869
871,913,914
871,914,870
874,870,914
872,915,912
873,915,872
873,874,915
916,915,874
916,874,917
917,874,914
875,879,918
875,918,876
919,876,918
919,877,876
877,919,920
920,913,877
878,883,921
921,879,878
879,921,922
922,918,879
880,923,881
880,885,923
881,923,924
924,882,881
884,882,925
882,924,925
883,884,926
926,921,883
925,926,884
927,923,885
887,928,885
885,928,927
886,889,929
886,929,887
887,929,928
930,888,891
888,930,889
931,889,930
889,931,929
932,890,892
890,932,891
933,891,932
891,933,930
934,892,893
892,934,932
935,893,895
893,935,934
937,895,936
895,937,935
943,905,901
901,902,943
902,903,944
903,907,944
902,944,943
945,909,904
904,905,945
946,945,905
946,905,943
906,947,907
906,911,947
948,944,907
907,947,948
949,947,911
950,910,908
908,909,950
951,950,909
909,945,951
953,952,910
910,950,953
949,911,954
912,954,911
912,915,954
955,913,920
913,955,914
956,914,955
917,914,956
957,954,915
916,957,915
916,958,957
917,958,916
917,956,958
918,922,959
959,919,918
919,959,960
960,920,919
920,960,961
961,955,920
921,926,962
962,922,921
922,962,963
963,959,922
924,923,964
927,964,923
964,965,924
965,925,924
926,925,966
966,962,926
965,966,925
964,927,967
927,928,968
968,967,927
928,929,969
969,968,928
931,970,929
929,970,969
933,971,930
930,971,931
931,971,970
972,932,934
932,972,933
973,933,972
933,973,971
974,934,935
934,974,972
975,935,937
935,975,974
976,936,938
936,976,937
977,937,976
937,977,975
978,938,939
938,978,976
939,979,978
979,939,980
946,943,984
943,944,984
944,948,984
985,951,945
945,946,985
946,984,985
947,986,948
947,949,986
948,987,984
987,948,986
949,988,986
949,954,988
989,953,950
950,951,989
990,989,951
951,985,990
991,983,952
952,953,991
992,991,953
953,989,992
988,954,993
957,993,954
961,994,955
956,955,994
958,956,995
995,956,994
993,957,996
958,996,957
958,995,996
997,994,961
959,963,998
998,960,959
960,998,999
999,961,960
997,961,999
962,966,1000
1000,963,962
963,1000,1001
1001,998,963
965,964,1002
965,1002,966
967,1002,964
1003,1000,966
966,1002,1003
967,968,1004
967,1004,1002
1005,968,969
1005,1004,968
969,970,1006
1006,1005,969
970,971,1007
1007,1006,970
973,1008,971
1008,1007,971
974,1009,972
973,972,1009
973,1009,1008
1010,974,975
974,1010,1009
1011,975,977
975,1011,1010
1012,976,978
976,1012,977
1013,977,1012
977,1013,1011
1014,978,979
978,1014,1012
980,1015,979
979,1015,1014
1019,1018,983
983,991,1019
1020,985,984
1020,984,987
990,985,1021
1021,985,1020
986,1022,987
986,988,1022
987,1023,1020
1023,987,1022
1024,1022,988
988,993,1024
992,989,1025
989,990,1025
990,1021,1025
1026,1019,991
991,992,1026
1027,1026,992
992,1025,1027
1028,1024,993
996,1028,993
997,1029,994
994,1030,995
1029,1030,994
1028,996,1031
995,1031,996
1031,995,1030
997,999,1032
997,1032,1029
998,1001,1033
998,1033,999
999,1033,1032
1000,1003,1034
1034,1001,1000
1035,1001,1034
1035,1033,1001
1002,1004,1036
1036,1003,1002
1037,1034,1003
1037,1003,1036
1038,1036,1004
1005,1006,1039
1005,1039,1004
1004,1039,1038
1006,1007,1040
1040,1039,1006
1007,1008,1041
1041,1040,1007
1008,1009,1042
1008,1042,1041
1009,1010,1042
1011,1043,1010
1010,1043,1042
1013,1044,1011
1011,1044,1043
1045,1012,1014
1013,1045,1044
1012,1045,1013
1015,1046,1014
1014,1046,1045
1050,1049,1018
1019,1050,1018
1051,1050,1019
1019,1026,1051
1020,1052,1021
1052,1020,1023
1025,1021,1053
1052,1053,1021
1023,1054,1052
1022,1054,1023
1022,1024,1054
1024,1055,1054
1055,1024,1028
1027,1025,1056
1056,1025,1053
1057,1051,1026
1027,1057,1026
1027,1056,1057
1055,1028,1058
1031,1058,1028
1029,1059,1030
1029,1032,1059
1058,1031,1060
1030,1060,1031
1030,1059,1060
1033,1035,1061
1033,1061,1032
1032,1061,1059
1034,1037,1062
1034,1062,1035
1063,1035,1062
1063,1061,1035
1064,1062,1037
1038,1065,1036
1064,1037,1065
1036,1065,1037
1038,1066,1065
1038,1039,1066
1040,1041,1067
1040,1067,1039
1039,1067,1066
1041,1042,1068
1068,1067,1041
1042,1043,1069
1069,1068,1042
1070,1043,1044
1043,1070,1069
1071,1044,1045
1044,1071,1070
1072,1045,1046
1045,1072,1071
1076,1075,1049
1049,1050,1076
1077,1076,1050
1050,1051,1077
1078,1077,1051
1051,1057,1078
1052,1079,1053
1079,1052,1054
1053,1080,1056
1080,1053,1079
1054,1081,1079
1081,1054,1055
1055,1082,1081
1082,1055,1058
1083,1057,1056
1083,1056,1080
1078,1057,1084
1083,1084,1057
1085,1059,1061
1082,1058,1086
1058,1060,1086
1060,1087,1086
1059,1087,1060
1085,1087,1059
1063,1088,1061
1085,1061,1088
1064,1089,1062
1063,1089,1088
1063,1062,1089
1064,1065,1090
1064,1090,1089
1091,1065,1066
1090,1065,1091
1066,1067,1092
1066,1092,1091
1067,1068,1093
1093,1092,1067
1068,1069,1094
1094,1093,1068
1069,1070,1095
1095,1094,1069
1070,1071,1096
1096,1095,1070
1071,1072,1097
1097,1096,1071
1101,1100,1075
1075,1076,1101
1102,1101,1076
1076,1077,1102
1103,1102,1077
1077,1078,1103
1078,1084,1103
1100,1101,1104
1079,1105,1080
1105,1079,1081
1080,1106,1083
1106,1080,1105
1081,1107,1105
1082,1107,1081
1082,1086,1107
1108,1107,1086
1084,1083,1109
1109,1083,1106
1084,1110,1103
1110,1084,1109
1085,1088,1111
1085,1111,1087
1087,1111,1112
1087,1112,1086
1108,1086,1112
1088,1089,1113
1088,1113,1111
1114,1089,1090
1113,1089,1114
1090,1091,1115
1115,1114,1090
1091,1092,1116
1116,1115,1091
1092,1093,1117
1117,1116,1092
1093,1094,1118
1118,1117,1093
1094,1095,1119
1119,1118,1094
1095,1096,1120
1120,1119,1095
1096,1097,1121
1121,1120,1096
1124,1100,1104
1125,1104,1101
1101,1102,1125
1126,1125,1102
1102,1103,1126
1126,1103,1127
1110,1127,1103
1124,1104,1128
1129,1128,1104
1104,1125,1129
1130,1108,1112
1106,1131,1109
1105,1131,1106
1131,1105,1107
1132,1131,1107
1108,1132,1107
1108,1130,1132
1109,1133,1110
1133,1109,1131
1110,1134,1127
1134,1110,1133
1111,1113,1135
1111,1135,1112
1136,1112,1135
1130,1112,1136
1113,1114,1137
1137,1135,1113
1114,1115,1138
1138,1137,1114
1115,1116,1139
1139,1138,1115
1116,1117,1140
1140,1139,1116
1117,1118,1141
1141,1140,1117
1118,1119,1142
1142,1141,1118
1119,1120,1143
1143,1142,1119
1120,1121,1144
1144,1143,1120
1128,1147,1124
1147,1128,1148
1149,1129,1125
1125,1126,1149
1126,1127,1149
1127,1150,1149
1150,1127,1134
1151,1148,1128
1128,1129,1151
1152,1151,1129
1129,1149,1152
1148,1151,1153
1130,1136,1154
1130,1154,1132
1133,1155,1134
1133,1131,1155
1155,1131,1132
1132,1154,1155
1134,1156,1150
1156,1134,1155
1157,1135,1137
1136,1135,1157
1158,1136,1157
1136,1158,1154
1137,1138,1159
1157,1137,1159
1138,1139,1160
1160,1159,1138
1139,1140,1161
1161,1160,1139
1140,1141,1162
1162,1161,1140
1141,1142,1163
1163,1162,1141
1142,1143,1164
1164,1163,1142
1143,1144,1165
1165,1164,1143
1148,1168,1147
1153,1169,1148
1168,1148,1169
1152,1149,1170
1170,1149,1150
1150,1171,1170
1171,1150,1156
1172,1153,1151
1151,1152,1172
1152,1170,1172
1169,1153,1173
1174,1173,1153
1153,1172,1174
1154,1158,1175
1175,1155,1154
1156,1176,1171
1156,1155,1176
1176,1155,1175
1157,1159,1177
1158,1157,1177
1178,1158,1177
1178,1175,1158
1159,1160,1179
1179,1177,1159
1160,1161,1180
1180,1179,1160
1161,1162,1181
1181,1180,1161
1162,1163,1182
1182,1181,1162
1163,1164,1183
1183,1182,1163
1164,1165,1184
1184,1183,1164
1169,1187,1168
1173,1188,1169
1187,1169,1188
1188,1173,1189
1170,1190,1172
1190,1170,1171
1171,1191,1190
1191,1171,1176
1174,1172,1192
1192,1172,1190
1193,1189,1173
1173,1174,1193
1174,1192,1193
1178,1194,1175
1175,1194,1176
1195,1191,1176
1195,1176,1194
1177,1179,1196
1178,1177,1196
1178,1196,1194
1179,1180,1197
1197,1196,1179
1180,1181,1198
1198,1197,1180
1181,1182,1199
1199,1198,1181
1182,1183,1200
1200,1199,1182
1183,1184,1201
1201,1200,1183
1188,1204,1187
1189,1205,1188
1204,1188,1205
1205,1189,1206
1207,1206,1189
1189,1193,1207
1190,1208,1192
1208,1190,1191
1191,1209,1208
1209,1191,1195
1192,1210,1193
1210,1192,1208
1207,1193,1211
1210,1211,1193
1194,1196,1212
1195,1194,1212
1195,1212,1209
1213,1196,1197
1213,1212,1196
1214,1197,1198
1197,1214,1213
1198,1199,1215
1215,1214,1198
1199,1200,1216
1216,1215,1199
1200,1201,1217
1217,1216,1200
1205,1220,1204
1206,1221,1205
1220,1205,1221
1221,1206,1222
1222,1206,1223
1206,1207,1223
1207,1211,1223
1209,1212,1224
1209,1224,1208
1210,1208,1224
1210,1224,1211
1225,1223,1211
1225,1211,1224
1212,1213,1226
1226,1224,1212
1213,1214,1227
1227,1226,1213
1214,1215,1228
1228,1227,1214
1215,1216,1229
1229,1228,1215
1216,1217,1230
1230,1229,1216
1221,1233,1220
1222,1234,1221
1233,1221,1234
1222,1223,1235
1234,1222,1236
1235,1236,1222
1235,1223,1237
1225,1237,1223
1238,1224,1226
1225,1238,1237
1225,1224,1238
1226,1227,1239
1238,1226,1239
1227,1228,1240
1240,1239,1227
1228,1229,1241
1241,1240,1228
1229,1230,1242
1242,1241,1229
1234,1245,1233
1236,1246,1234
1245,1234,1246
1236,1235,1247
1235,1237,1247
1246,1236,1248
1247,1248,1236
1238,1239,1249
1237,1238,1249
1247,1237,1249
1239,1240,1250
1249,1239,1250
1240,1241,1251
1251,1250,1240
1241,1242,1252
1252,1251,1241
1246,1255,1245
1248,1256,1246
1255,1246,1256
1248,1247,1257
1247,1249,1257
1256,1248,1258
1257,1258,1248
1250,1259,1249
1257,1249,1259
1250,1251,1260
1259,1250,1260
1251,1252,1261
1260,1251,1261
1256,1264,1255
1258,1265,1256
1264,1256,1265
1259,1266,1257
1258,1257,1266
1265,1258,1266
1260,1267,1259
1266,1259,1267
1261,1268,1260
1267,1260,1268
1265,1271,1264
1265,1266,1272
1271,1265,1272
1267,1273,1266
1272,1266,1273
1268,1274,1267
1273,1267,1274
1272,1277,1271
1273,1278,1272
1277,1272,1278
1274,1279,1273
1278,1273,1279
1279,1282,1278
1278,1282,1277
